Handle,Title,Body (HTML),Vendor,Type,Tags,Published,Option1 Name,Option1 Value,Variant Inventory Tracker,Variant Inventory Qty,Variant Inventory Policy,Variant Fulfillment Service,Variant Price,Variant Requires Shipping,Variant Taxable,Status
classic-manicure,Classic Manicure,"<p>A classic manicure: shape, cuticle care, hand massage, and polish of your choice. 30 minutes.</p>",,Service,"service, manicure",TRUE,Title,Default Title,,,continue,manual,35.00,FALSE,TRUE,active
gel-manicure,Gel Manicure,"<p>Long-lasting gel polish with our full manicure treatment. Chip-free for up to three weeks. 45 minutes.</p>",,Service,"service, manicure, gel",TRUE,Title,Default Title,,,continue,manual,55.00,FALSE,TRUE,active
classic-pedicure,Classic Pedicure,"<p>Soak, exfoliation, cuticle care, foot massage, and polish. 45 minutes of pure relaxation.</p>",,Service,"service, pedicure",TRUE,Title,Default Title,,,continue,manual,45.00,FALSE,TRUE,active
gel-extensions-full-set,Gel Extensions (Full Set),"<p>A full set of gel extensions, shaped and finished to your preference. 90 minutes.</p>",,Service,"service, gel, extensions",TRUE,Title,Default Title,,,continue,manual,85.00,FALSE,TRUE,active
nail-art-per-nail,Nail Art (per nail),"<p>Hand-painted detail, add as much or as little as you like. Priced per nail, add to any service.</p>",,Service,"service, nail-art, add-on",TRUE,Title,Default Title,,,continue,manual,10.00,FALSE,TRUE,active
cuticle-oil,Cuticle Oil,"<p>A lightweight, fast-absorbing oil that keeps cuticles soft between appointments. 10ml pen.</p>",,Nail Care,"retail, care",TRUE,Title,Default Title,shopify,10,continue,manual,14.00,TRUE,TRUE,active
gel-top-coat,Gel Top Coat,"<p>The same high-shine, chip-resistant top coat we use in the studio — now for home touch-ups.</p>",,Nail Care,"retail, polish",TRUE,Title,Default Title,shopify,10,continue,manual,18.00,TRUE,TRUE,active
nail-strengthener-treatment,Nail Strengthener Treatment,"<p>A weekly treatment polish that strengthens and protects natural nails.</p>",,Nail Care,"retail, care",TRUE,Title,Default Title,shopify,10,continue,manual,16.00,TRUE,TRUE,active
signature-polish-trio,Signature Polish Trio,"<p>Three of our most-requested shades, packaged as a set — a favorite gift.</p>",,Nail Care,"retail, polish, gift",TRUE,Title,Default Title,shopify,10,continue,manual,28.00,TRUE,TRUE,active
